strategy,scenario,regime,size,run,seed,target_disorder,actual_disorder,operation_count,duration_seconds,valid,timed_out,returncode,bench_strategy,bench_complexity,error
simple,random,random,16,1,43,,0.5666666666666667,102,0.002169892999518197,True,False,0,simple,n^2,
simple,random,random,16,2,44,,0.49166666666666664,111,0.002107617001456674,True,False,0,simple,n^2,
simple,random,random,16,3,45,,0.6166666666666667,84,0.002020575997448759,True,False,0,simple,n^2,
simple,random,random,16,4,46,,0.525,92,0.0019522880029398948,True,False,0,simple,n^2,
simple,random,random,16,5,47,,0.5583333333333333,74,0.002000909000344109,True,False,0,simple,n^2,
simple,random,random,16,6,48,,0.525,84,0.0019448719976935536,True,False,0,simple,n^2,
simple,random,random,16,7,49,,0.5916666666666667,93,0.001986380997550441,True,False,0,simple,n^2,
simple,random,random,32,1,10043,,0.5040322580645161,298,0.0025516239984426647,True,False,0,simple,n^2,
simple,random,random,32,2,10044,,0.5483870967741935,277,0.0024573789996793494,True,False,0,simple,n^2,
simple,random,random,32,3,10045,,0.530241935483871,355,0.002539601999160368,True,False,0,simple,n^2,
simple,random,random,32,4,10046,,0.45161290322580644,336,0.0025326750001113396,True,False,0,simple,n^2,
simple,random,random,32,5,10047,,0.40725806451612906,277,0.0024261399994429667,True,False,0,simple,n^2,
simple,random,random,32,6,10048,,0.5564516129032258,377,0.0025865949974104296,True,False,0,simple,n^2,
simple,random,random,32,7,10049,,0.4939516129032258,336,0.0025629570009186864,True,False,0,simple,n^2,
simple,random,random,64,1,20043,,0.4513888888888889,1195,0.004410625999298645,True,False,0,simple,n^2,
simple,random,random,64,2,20044,,0.5520833333333334,1035,0.004305353999370709,True,False,0,simple,n^2,
simple,random,random,64,3,20045,,0.49206349206349204,1026,0.004334752000431763,True,False,0,simple,n^2,
simple,random,random,64,4,20046,,0.5233134920634921,1257,0.0047820740001043305,True,False,0,simple,n^2,
simple,random,random,64,5,20047,,0.5297619047619048,1201,0.0046347819989023264,True,False,0,simple,n^2,
simple,random,random,64,6,20048,,0.43253968253968256,1080,0.004520333000982646,True,False,0,simple,n^2,
simple,random,random,64,7,20049,,0.4618055555555556,1049,0.004354823999165092,True,False,0,simple,n^2,
simple,random,random,128,1,30043,,0.4934793307086614,4546,0.011906174000614556,True,False,0,simple,n^2,
simple,random,random,128,2,30044,,0.5174704724409449,4270,0.011499812000693055,True,False,0,simple,n^2,
simple,random,random,128,3,30045,,0.5056594488188977,4450,0.011849752998386975,True,False,0,simple,n^2,
simple,random,random,128,4,30046,,0.4892962598425197,4073,0.010818558002938516,True,False,0,simple,n^2,
simple,random,random,128,5,30047,,0.5574557086614174,4348,0.011366049002390355,True,False,0,simple,n^2,
simple,random,random,128,6,30048,,0.5381397637795275,4366,0.011508308998600114,True,False,0,simple,n^2,
simple,random,random,128,7,30049,,0.48068405511811024,4779,0.012345203998847865,True,False,0,simple,n^2,
simple,random,random,256,1,40043,,0.48737745098039215,17404,0.040681741000298643,True,False,0,simple,n^2,
simple,random,random,256,2,40044,,0.490625,15431,0.035140110998327145,True,False,0,simple,n^2,
simple,random,random,256,3,40045,,0.5034007352941177,16153,0.037350910002714954,True,False,0,simple,n^2,
simple,random,random,256,4,40046,,0.48112745098039217,16891,0.03847730599954957,True,False,0,simple,n^2,
simple,random,random,256,5,40047,,0.5399509803921568,15999,0.040254800998809515,True,False,0,simple,n^2,
simple,random,random,256,6,40048,,0.5200674019607843,16519,0.040947990000859136,True,False,0,simple,n^2,
simple,random,random,256,7,40049,,0.48514093137254904,17190,0.03969271700043464,True,False,0,simple,n^2,
simple,reverse,high,16,1,1000043,1.0,1.0,152,0.0026192360019194894,True,False,0,simple,n^2,
simple,reverse,high,16,2,1000044,1.0,1.0,152,0.002472828000463778,True,False,0,simple,n^2,
simple,reverse,high,16,3,1000045,1.0,1.0,152,0.002421748999040574,True,False,0,simple,n^2,
simple,reverse,high,16,4,1000046,1.0,1.0,152,0.002346286000829423,True,False,0,simple,n^2,
simple,reverse,high,16,5,1000047,1.0,1.0,152,0.0023427870000887197,True,False,0,simple,n^2,
simple,reverse,high,16,6,1000048,1.0,1.0,152,0.0022691320009471383,True,False,0,simple,n^2,
simple,reverse,high,16,7,1000049,1.0,1.0,152,0.0023914819976198487,True,False,0,simple,n^2,
simple,reverse,high,32,1,1010043,1.0,1.0,560,0.003126685998722678,True,False,0,simple,n^2,
simple,reverse,high,32,2,1010044,1.0,1.0,560,0.003158826999424491,True,False,0,simple,n^2,
simple,reverse,high,32,3,1010045,1.0,1.0,560,0.003149255000607809,True,False,0,simple,n^2,
simple,reverse,high,32,4,1010046,1.0,1.0,560,0.0031982430009520613,True,False,0,simple,n^2,
simple,reverse,high,32,5,1010047,1.0,1.0,560,0.0032085370003187563,True,False,0,simple,n^2,
simple,reverse,high,32,6,1010048,1.0,1.0,560,0.0032107010010804515,True,False,0,simple,n^2,
simple,reverse,high,32,7,1010049,1.0,1.0,560,0.0031477920019824523,True,False,0,simple,n^2,
simple,reverse,high,64,1,1020043,1.0,1.0,2144,0.006441690999054117,True,False,0,simple,n^2,
simple,reverse,high,64,2,1020044,1.0,1.0,2144,0.006556806998560205,True,False,0,simple,n^2,
simple,reverse,high,64,3,1020045,1.0,1.0,2144,0.006532684998092009,True,False,0,simple,n^2,
simple,reverse,high,64,4,1020046,1.0,1.0,2144,0.006629090999922482,True,False,0,simple,n^2,
simple,reverse,high,64,5,1020047,1.0,1.0,2144,0.006544028001371771,True,False,0,simple,n^2,
simple,reverse,high,64,6,1020048,1.0,1.0,2144,0.006609609998122323,True,False,0,simple,n^2,
simple,reverse,high,64,7,1020049,1.0,1.0,2144,0.00641956799881882,True,False,0,simple,n^2,
simple,reverse,high,128,1,1030043,1.0,1.0,8384,0.01988489399809623,True,False,0,simple,n^2,
simple,reverse,high,128,2,1030044,1.0,1.0,8384,0.019531355999788502,True,False,0,simple,n^2,
simple,reverse,high,128,3,1030045,1.0,1.0,8384,0.019720935000805184,True,False,0,simple,n^2,
simple,reverse,high,128,4,1030046,1.0,1.0,8384,0.02162339599817642,True,False,0,simple,n^2,
simple,reverse,high,128,5,1030047,1.0,1.0,8384,0.02200969499972416,True,False,0,simple,n^2,
simple,reverse,high,128,6,1030048,1.0,1.0,8384,0.019601485997554846,True,False,0,simple,n^2,
simple,reverse,high,128,7,1030049,1.0,1.0,8384,0.01999322200208553,True,False,0,simple,n^2,
simple,reverse,high,256,1,1040043,1.0,1.0,33152,0.07503330899999128,True,False,0,simple,n^2,
simple,reverse,high,256,2,1040044,1.0,1.0,33152,0.07860586799870362,True,False,0,simple,n^2,
simple,reverse,high,256,3,1040045,1.0,1.0,33152,0.07407273399803671,True,False,0,simple,n^2,
simple,reverse,high,256,4,1040046,1.0,1.0,33152,0.06862799399823416,True,False,0,simple,n^2,
simple,reverse,high,256,5,1040047,1.0,1.0,33152,0.07029938900086563,True,False,0,simple,n^2,
simple,reverse,high,256,6,1040048,1.0,1.0,33152,0.07159856199723436,True,False,0,simple,n^2,
simple,reverse,high,256,7,1040049,1.0,1.0,33152,0.07021248099772492,True,False,0,simple,n^2,
medium,random,random,16,1,10000043,,0.5,65,0.0021311739983502775,True,False,0,medium,n*sqrt(n),
medium,random,random,16,2,10000044,,0.575,68,0.0020250590023351833,True,False,0,medium,n*sqrt(n),
medium,random,random,16,3,10000045,,0.5,75,0.0020402629997988697,True,False,0,medium,n*sqrt(n),
medium,random,random,16,4,10000046,,0.4166666666666667,66,0.00214899599814089,True,False,0,medium,n*sqrt(n),
medium,random,random,16,5,10000047,,0.55,64,0.002970315999846207,True,False,0,medium,n*sqrt(n),
medium,random,random,16,6,10000048,,0.45,70,0.002396006999333622,True,False,0,medium,n*sqrt(n),
medium,random,random,16,7,10000049,,0.575,71,0.002263695998408366,True,False,0,medium,n*sqrt(n),
medium,random,random,32,1,10010043,,0.5725806451612904,200,0.0025260820002586115,True,False,0,medium,n*sqrt(n),
medium,random,random,32,2,10010044,,0.5504032258064516,213,0.002509434001694899,True,False,0,medium,n*sqrt(n),
medium,random,random,32,3,10010045,,0.4959677419354839,206,0.002444054000079632,True,False,0,medium,n*sqrt(n),
medium,random,random,32,4,10010046,,0.41330645161290325,191,0.002456400001392467,True,False,0,medium,n*sqrt(n),
medium,random,random,32,5,10010047,,0.41935483870967744,189,0.0024638590002723504,True,False,0,medium,n*sqrt(n),
medium,random,random,32,6,10010048,,0.5120967741935484,195,0.0024665620003361255,True,False,0,medium,n*sqrt(n),
medium,random,random,32,7,10010049,,0.5584677419354839,201,0.0025195239977620076,True,False,0,medium,n*sqrt(n),
medium,random,random,64,1,10020043,,0.4489087301587302,551,0.0033693709992803633,True,False,0,medium,n*sqrt(n),
medium,random,random,64,2,10020044,,0.5133928571428571,566,0.0034676159993978217,True,False,0,medium,n*sqrt(n),
medium,random,random,64,3,10020045,,0.5446428571428571,547,0.003395621999516152,True,False,0,medium,n*sqrt(n),
medium,random,random,64,4,10020046,,0.4439484126984127,552,0.003330650997668272,True,False,0,medium,n*sqrt(n),
medium,random,random,64,5,10020047,,0.47271825396825395,537,0.003456591999565717,True,False,0,medium,n*sqrt(n),
medium,random,random,64,6,10020048,,0.45337301587301587,542,0.003358940000907751,True,False,0,medium,n*sqrt(n),
medium,random,random,64,7,10020049,,0.46577380952380953,539,0.0032903270002861973,True,False,0,medium,n*sqrt(n),
medium,random,random,128,1,10030043,,0.4972933070866142,1534,0.005948977999651106,True,False,0,medium,n*sqrt(n),
medium,random,random,128,2,10030044,,0.5362942913385826,1517,0.006003644000884378,True,False,0,medium,n*sqrt(n),
medium,random,random,128,3,10030045,,0.5092273622047244,1511,0.005912747998081613,True,False,0,medium,n*sqrt(n),
medium,random,random,128,4,10030046,,0.5028297244094488,1495,0.005959195998002542,True,False,0,medium,n*sqrt(n),
medium,random,random,128,5,10030047,,0.4671505905511811,1427,0.005711595000320813,True,False,0,medium,n*sqrt(n),
medium,random,random,128,6,10030048,,0.4598917322834646,1521,0.006156372997793369,True,False,0,medium,n*sqrt(n),
medium,random,random,128,7,10030049,,0.5043061023622047,1448,0.005847182997968048,True,False,0,medium,n*sqrt(n),
medium,random,random,256,1,10040043,,0.4983455882352941,4179,0.013414083001407562,True,False,0,medium,n*sqrt(n),
medium,random,random,256,2,10040044,,0.4850796568627451,4223,0.013570109000283992,True,False,0,medium,n*sqrt(n),
medium,random,random,256,3,10040045,,0.5261948529411765,4177,0.013379787000303622,True,False,0,medium,n*sqrt(n),
medium,random,random,256,4,10040046,,0.4727634803921569,4015,0.01326143400001456,True,False,0,medium,n*sqrt(n),
medium,random,random,256,5,10040047,,0.4589767156862745,4273,0.013529632000427227,True,False,0,medium,n*sqrt(n),
medium,random,random,256,6,10040048,,0.47613357843137255,4049,0.012966923000931274,True,False,0,medium,n*sqrt(n),
medium,random,random,256,7,10040049,,0.5001838235294118,4193,0.012576635999721475,True,False,0,medium,n*sqrt(n),
medium,reverse,high,16,1,11000043,1.0,1.0,83,0.002013408000493655,True,False,0,medium,n*sqrt(n),
medium,reverse,high,16,2,11000044,1.0,1.0,83,0.002132480000000214,True,False,0,medium,n*sqrt(n),
medium,reverse,high,16,3,11000045,1.0,1.0,83,0.00201169699721504,True,False,0,medium,n*sqrt(n),
medium,reverse,high,16,4,11000046,1.0,1.0,83,0.0020089319987164345,True,False,0,medium,n*sqrt(n),
medium,reverse,high,16,5,11000047,1.0,1.0,83,0.002226512999186525,True,False,0,medium,n*sqrt(n),
medium,reverse,high,16,6,11000048,1.0,1.0,83,0.0021694979986932594,True,False,0,medium,n*sqrt(n),
medium,reverse,high,16,7,11000049,1.0,1.0,83,0.002180719999159919,True,False,0,medium,n*sqrt(n),
medium,reverse,high,32,1,11010043,1.0,1.0,239,0.0027584939998632763,True,False,0,medium,n*sqrt(n),
medium,reverse,high,32,2,11010044,1.0,1.0,239,0.0026368629987700842,True,False,0,medium,n*sqrt(n),
medium,reverse,high,32,3,11010045,1.0,1.0,239,0.002575214999524178,True,False,0,medium,n*sqrt(n),
medium,reverse,high,32,4,11010046,1.0,1.0,239,0.0025359189967275597,True,False,0,medium,n*sqrt(n),
medium,reverse,high,32,5,11010047,1.0,1.0,239,0.002484880002157297,True,False,0,medium,n*sqrt(n),
medium,reverse,high,32,6,11010048,1.0,1.0,239,0.002519516998290783,True,False,0,medium,n*sqrt(n),
medium,reverse,high,32,7,11010049,1.0,1.0,239,0.002547035001043696,True,False,0,medium,n*sqrt(n),
medium,reverse,high,64,1,11020043,1.0,1.0,583,0.0033952129997487646,True,False,0,medium,n*sqrt(n),
medium,reverse,high,64,2,11020044,1.0,1.0,583,0.0034613019997777883,True,False,0,medium,n*sqrt(n),
medium,reverse,high,64,3,11020045,1.0,1.0,583,0.0034112640023522545,True,False,0,medium,n*sqrt(n),
medium,reverse,high,64,4,11020046,1.0,1.0,583,0.0034191129998362157,True,False,0,medium,n*sqrt(n),
medium,reverse,high,64,5,11020047,1.0,1.0,583,0.003439232001255732,True,False,0,medium,n*sqrt(n),
medium,reverse,high,64,6,11020048,1.0,1.0,583,0.0034345670028415043,True,False,0,medium,n*sqrt(n),
medium,reverse,high,64,7,11020049,1.0,1.0,583,0.0033571159983694088,True,False,0,medium,n*sqrt(n),
medium,reverse,high,128,1,11030043,1.0,1.0,1636,0.0060566370011656545,True,False,0,medium,n*sqrt(n),
medium,reverse,high,128,2,11030044,1.0,1.0,1636,0.006062115997337969,True,False,0,medium,n*sqrt(n),
medium,reverse,high,128,3,11030045,1.0,1.0,1636,0.00618733000010252,True,False,0,medium,n*sqrt(n),
medium,reverse,high,128,4,11030046,1.0,1.0,1636,0.006081933999666944,True,False,0,medium,n*sqrt(n),
medium,reverse,high,128,5,11030047,1.0,1.0,1636,0.006017929998051841,True,False,0,medium,n*sqrt(n),
medium,reverse,high,128,6,11030048,1.0,1.0,1636,0.006025360999046825,True,False,0,medium,n*sqrt(n),
medium,reverse,high,128,7,11030049,1.0,1.0,1636,0.0061656899997615255,True,False,0,medium,n*sqrt(n),
medium,reverse,high,256,1,11040043,1.0,1.0,4367,0.012453831001039362,True,False,0,medium,n*sqrt(n),
medium,reverse,high,256,2,11040044,1.0,1.0,4367,0.012383340002998011,True,False,0,medium,n*sqrt(n),
medium,reverse,high,256,3,11040045,1.0,1.0,4367,0.012362674999167211,True,False,0,medium,n*sqrt(n),
medium,reverse,high,256,4,11040046,1.0,1.0,4367,0.012350618999334984,True,False,0,medium,n*sqrt(n),
medium,reverse,high,256,5,11040047,1.0,1.0,4367,0.013317644003109308,True,False,0,medium,n*sqrt(n),
medium,reverse,high,256,6,11040048,1.0,1.0,4367,0.013858696998795494,True,False,0,medium,n*sqrt(n),
medium,reverse,high,256,7,11040049,1.0,1.0,4367,0.013435722001304384,True,False,0,medium,n*sqrt(n),
complex,random,random,16,1,20000043,,0.5833333333333334,96,0.0022148730022308882,True,False,0,complex,n*log2(n),
complex,random,random,16,2,20000044,,0.475,96,0.002234527997643454,True,False,0,complex,n*log2(n),
complex,random,random,16,3,20000045,,0.475,96,0.002157964998332318,True,False,0,complex,n*log2(n),
complex,random,random,16,4,20000046,,0.49166666666666664,96,0.00226070700227865,True,False,0,complex,n*log2(n),
complex,random,random,16,5,20000047,,0.5583333333333333,96,0.0021656290009559598,True,False,0,complex,n*log2(n),
complex,random,random,16,6,20000048,,0.45,96,0.00224763799997163,True,False,0,complex,n*log2(n),
complex,random,random,16,7,20000049,,0.575,96,0.002173205000872258,True,False,0,complex,n*log2(n),
complex,random,random,32,1,20010043,,0.5786290322580645,240,0.0025162929996440653,True,False,0,complex,n*log2(n),
complex,random,random,32,2,20010044,,0.4334677419354839,240,0.0024869970002328046,True,False,0,complex,n*log2(n),
complex,random,random,32,3,20010045,,0.49798387096774194,240,0.0025149529974441975,True,False,0,complex,n*log2(n),
complex,random,random,32,4,20010046,,0.43548387096774194,240,0.0025250899998354726,True,False,0,complex,n*log2(n),
complex,random,random,32,5,20010047,,0.5665322580645161,240,0.0023443099998985417,True,False,0,complex,n*log2(n),
complex,random,random,32,6,20010048,,0.4314516129032258,240,0.002362142000492895,True,False,0,complex,n*log2(n),
complex,random,random,32,7,20010049,,0.5625,240,0.0023660239967284724,True,False,0,complex,n*log2(n),
complex,random,random,64,1,20020043,,0.501984126984127,576,0.003114966002613073,True,False,0,complex,n*log2(n),
complex,random,random,64,2,20020044,,0.5158730158730159,576,0.00309060700237751,True,False,0,complex,n*log2(n),
complex,random,random,64,3,20020045,,0.5456349206349206,576,0.0030849499999021646,True,False,0,complex,n*log2(n),
complex,random,random,64,4,20020046,,0.45089285714285715,576,0.003116085998044582,True,False,0,complex,n*log2(n),
complex,random,random,64,5,20020047,,0.49007936507936506,576,0.0030928919986763503,True,False,0,complex,n*log2(n),
complex,random,random,64,6,20020048,,0.5362103174603174,576,0.0030462510003417265,True,False,0,complex,n*log2(n),
complex,random,random,64,7,20020049,,0.48462301587301587,576,0.0031005800010461826,True,False,0,complex,n*log2(n),
complex,random,random,128,1,20030043,,0.4947096456692913,1344,0.0049378039984731,True,False,0,complex,n*log2(n),
complex,random,random,128,2,20030044,,0.5453986220472441,1344,0.004896358997939387,True,False,0,complex,n*log2(n),
complex,random,random,128,3,20030045,,0.47736220472440943,1344,0.004965500000253087,True,False,0,complex,n*log2(n),
complex,random,random,128,4,20030046,,0.5139025590551181,1344,0.004883950001385529,True,False,0,complex,n*log2(n),
complex,random,random,128,5,20030047,,0.4867125984251969,1344,0.0049073689988290425,True,False,0,complex,n*log2(n),
complex,random,random,128,6,20030048,,0.531373031496063,1344,0.005797239999083104,True,False,0,complex,n*log2(n),
complex,random,random,128,7,20030049,,0.45054133858267714,1344,0.005162921999726677,True,False,0,complex,n*log2(n),
complex,random,random,256,1,20040043,,0.5448223039215686,3072,0.010855204000108643,True,False,0,complex,n*log2(n),
complex,random,random,256,2,20040044,,0.4883884803921569,3072,0.010577906003163662,True,False,0,complex,n*log2(n),
complex,random,random,256,3,20040045,,0.5020220588235295,3072,0.010458382999786409,True,False,0,complex,n*log2(n),
complex,random,random,256,4,20040046,,0.5356924019607843,3072,0.011085865000495687,True,False,0,complex,n*log2(n),
complex,random,random,256,5,20040047,,0.47380514705882354,3072,0.0121148060025007,True,False,0,complex,n*log2(n),
complex,random,random,256,6,20040048,,0.49494485294117646,3072,0.01198234500043327,True,False,0,complex,n*log2(n),
complex,random,random,256,7,20040049,,0.5222120098039216,3072,0.010726199998316588,True,False,0,complex,n*log2(n),
complex,reverse,high,16,1,21000043,1.0,1.0,96,0.0022707290008838754,True,False,0,complex,n*log2(n),
complex,reverse,high,16,2,21000044,1.0,1.0,96,0.002204369000537554,True,False,0,complex,n*log2(n),
complex,reverse,high,16,3,21000045,1.0,1.0,96,0.002236502998130163,True,False,0,complex,n*log2(n),
complex,reverse,high,16,4,21000046,1.0,1.0,96,0.0022209620001376607,True,False,0,complex,n*log2(n),
complex,reverse,high,16,5,21000047,1.0,1.0,96,0.002195174998632865,True,False,0,complex,n*log2(n),
complex,reverse,high,16,6,21000048,1.0,1.0,96,0.0022076259992900304,True,False,0,complex,n*log2(n),
complex,reverse,high,16,7,21000049,1.0,1.0,96,0.00224844399781432,True,False,0,complex,n*log2(n),
complex,reverse,high,32,1,21010043,1.0,1.0,240,0.0025475129987171385,True,False,0,complex,n*log2(n),
complex,reverse,high,32,2,21010044,1.0,1.0,240,0.002573644000221975,True,False,0,complex,n*log2(n),
complex,reverse,high,32,3,21010045,1.0,1.0,240,0.002539752000302542,True,False,0,complex,n*log2(n),
complex,reverse,high,32,4,21010046,1.0,1.0,240,0.002562061999924481,True,False,0,complex,n*log2(n),
complex,reverse,high,32,5,21010047,1.0,1.0,240,0.002668633998837322,True,False,0,complex,n*log2(n),
complex,reverse,high,32,6,21010048,1.0,1.0,240,0.0026074909983435646,True,False,0,complex,n*log2(n),
complex,reverse,high,32,7,21010049,1.0,1.0,240,0.0025185009981214534,True,False,0,complex,n*log2(n),
complex,reverse,high,64,1,21020043,1.0,1.0,576,0.003350082999531878,True,False,0,complex,n*log2(n),
complex,reverse,high,64,2,21020044,1.0,1.0,576,0.0032067840002127923,True,False,0,complex,n*log2(n),
complex,reverse,high,64,3,21020045,1.0,1.0,576,0.003350394999870332,True,False,0,complex,n*log2(n),
complex,reverse,high,64,4,21020046,1.0,1.0,576,0.003260932000557659,True,False,0,complex,n*log2(n),
complex,reverse,high,64,5,21020047,1.0,1.0,576,0.0033943829985219054,True,False,0,complex,n*log2(n),
complex,reverse,high,64,6,21020048,1.0,1.0,576,0.0033131999989564065,True,False,0,complex,n*log2(n),
complex,reverse,high,64,7,21020049,1.0,1.0,576,0.0031663510017096996,True,False,0,complex,n*log2(n),
complex,reverse,high,128,1,21030043,1.0,1.0,1344,0.004922929001622833,True,False,0,complex,n*log2(n),
complex,reverse,high,128,2,21030044,1.0,1.0,1344,0.004840802997932769,True,False,0,complex,n*log2(n),
complex,reverse,high,128,3,21030045,1.0,1.0,1344,0.0050887460020021535,True,False,0,complex,n*log2(n),
complex,reverse,high,128,4,21030046,1.0,1.0,1344,0.0049002390005625784,True,False,0,complex,n*log2(n),
complex,reverse,high,128,5,21030047,1.0,1.0,1344,0.005121182999573648,True,False,0,complex,n*log2(n),
complex,reverse,high,128,6,21030048,1.0,1.0,1344,0.005214950997469714,True,False,0,complex,n*log2(n),
complex,reverse,high,128,7,21030049,1.0,1.0,1344,0.005254337000224041,True,False,0,complex,n*log2(n),
complex,reverse,high,256,1,21040043,1.0,1.0,3072,0.010771055000077467,True,False,0,complex,n*log2(n),
complex,reverse,high,256,2,21040044,1.0,1.0,3072,0.010351605000323616,True,False,0,complex,n*log2(n),
complex,reverse,high,256,3,21040045,1.0,1.0,3072,0.010294054001860786,True,False,0,complex,n*log2(n),
complex,reverse,high,256,4,21040046,1.0,1.0,3072,0.010140035999938846,True,False,0,complex,n*log2(n),
complex,reverse,high,256,5,21040047,1.0,1.0,3072,0.009487081999395741,True,False,0,complex,n*log2(n),
complex,reverse,high,256,6,21040048,1.0,1.0,3072,0.009367506998387398,True,False,0,complex,n*log2(n),
complex,reverse,high,256,7,21040049,1.0,1.0,3072,0.009255894001398701,True,False,0,complex,n*log2(n),
adaptive,low,low,16,1,30000043,0.1,0.1,52,0.0019438179988355841,True,False,0,adaptive,n^2,
adaptive,low,low,16,2,30000044,0.1,0.1,67,0.0019909349975932855,True,False,0,adaptive,n^2,
adaptive,low,low,16,3,30000045,0.1,0.1,67,0.0019758390008064453,True,False,0,adaptive,n^2,
adaptive,low,low,16,4,30000046,0.1,0.1,66,0.0019396459974814206,True,False,0,adaptive,n^2,
adaptive,low,low,16,5,30000047,0.1,0.1,66,0.001904855998873245,True,False,0,adaptive,n^2,
adaptive,low,low,16,6,30000048,0.1,0.1,64,0.001937986999109853,True,False,0,adaptive,n^2,
adaptive,low,low,16,7,30000049,0.1,0.1,61,0.0019867369992425665,True,False,0,adaptive,n^2,
adaptive,low,low,32,1,30010043,0.1,0.10080645161290322,108,0.00202462300148909,True,False,0,adaptive,n^2,
adaptive,low,low,32,2,30010044,0.1,0.10080645161290322,198,0.0022496159981528763,True,False,0,adaptive,n^2,
adaptive,low,low,32,3,30010045,0.1,0.10080645161290322,170,0.002190477000112878,True,False,0,adaptive,n^2,
adaptive,low,low,32,4,30010046,0.1,0.10080645161290322,142,0.002101297999615781,True,False,0,adaptive,n^2,
adaptive,low,low,32,5,30010047,0.1,0.10080645161290322,177,0.002227201999630779,True,False,0,adaptive,n^2,
adaptive,low,low,32,6,30010048,0.1,0.10080645161290322,136,0.00216661200101953,True,False,0,adaptive,n^2,
adaptive,low,low,32,7,30010049,0.1,0.10080645161290322,201,0.0022160189982969314,True,False,0,adaptive,n^2,
adaptive,low,low,64,1,30020043,0.1,0.1001984126984127,485,0.002876546001061797,True,False,0,adaptive,n^2,
adaptive,low,low,64,2,30020044,0.1,0.1001984126984127,557,0.002983888000017032,True,False,0,adaptive,n^2,
adaptive,low,low,64,3,30020045,0.1,0.1001984126984127,619,0.003106591997493524,True,False,0,adaptive,n^2,
adaptive,low,low,64,4,30020046,0.1,0.1001984126984127,446,0.0028052799971192144,True,False,0,adaptive,n^2,
adaptive,low,low,64,5,30020047,0.1,0.1001984126984127,620,0.0031446319990209304,True,False,0,adaptive,n^2,
adaptive,low,low,64,6,30020048,0.1,0.1001984126984127,341,0.00260952200187603,True,False,0,adaptive,n^2,
adaptive,low,low,64,7,30020049,0.1,0.1001984126984127,496,0.002925469001638703,True,False,0,adaptive,n^2,
adaptive,low,low,128,1,30030043,0.1,0.1000246062992126,937,0.003990522000094643,True,False,0,adaptive,n^2,
adaptive,low,low,128,2,30030044,0.1,0.1000246062992126,1462,0.005001190002076328,True,False,0,adaptive,n^2,
adaptive,low,low,128,3,30030045,0.1,0.1000246062992126,1558,0.005132022000907455,True,False,0,adaptive,n^2,
adaptive,low,low,128,4,30030046,0.1,0.1000246062992126,1196,0.004473760000109905,True,False,0,adaptive,n^2,
adaptive,low,low,128,5,30030047,0.1,0.1000246062992126,2481,0.006870329998491798,True,False,0,adaptive,n^2,
adaptive,low,low,128,6,30030048,0.1,0.1000246062992126,1563,0.005196262998651946,True,False,0,adaptive,n^2,
adaptive,low,low,128,7,30030049,0.1,0.1000246062992126,1330,0.004786849000083748,True,False,0,adaptive,n^2,
adaptive,low,low,256,1,30040043,0.1,0.1,4792,0.01222801900075865,True,False,0,adaptive,n^2,
adaptive,low,low,256,2,30040044,0.1,0.1,5400,0.013321692000317853,True,False,0,adaptive,n^2,
adaptive,low,low,256,3,30040045,0.1,0.1,3711,0.01024810300077661,True,False,0,adaptive,n^2,
adaptive,low,low,256,4,30040046,0.1,0.1,4294,0.011217292998480843,True,False,0,adaptive,n^2,
adaptive,low,low,256,5,30040047,0.1,0.1,5266,0.013258702001621714,True,False,0,adaptive,n^2,
adaptive,low,low,256,6,30040048,0.1,0.1,4784,0.012265961999219144,True,False,0,adaptive,n^2,
adaptive,low,low,256,7,30040049,0.1,0.1,5749,0.014623901999584632,True,False,0,adaptive,n^2,
adaptive,medium,medium,16,1,31000043,0.35,0.35,65,0.002308074999746168,True,False,0,adaptive,n*sqrt(n),
adaptive,medium,medium,16,2,31000044,0.35,0.35,64,0.0022049979997973423,True,False,0,adaptive,n*sqrt(n),
adaptive,medium,medium,16,3,31000045,0.35,0.35,52,0.00215719799962244,True,False,0,adaptive,n*sqrt(n),
adaptive,medium,medium,16,4,31000046,0.35,0.35,51,0.0021545849995163735,True,False,0,adaptive,n*sqrt(n),
adaptive,medium,medium,16,5,31000047,0.35,0.35,71,0.0021662110011675395,True,False,0,adaptive,n*sqrt(n),
adaptive,medium,medium,16,6,31000048,0.35,0.35,57,0.002032355001574615,True,False,0,adaptive,n*sqrt(n),
adaptive,medium,medium,16,7,31000049,0.35,0.35,59,0.0020462089996726718,True,False,0,adaptive,n*sqrt(n),
adaptive,medium,medium,32,1,31010043,0.35,0.35080645161290325,139,0.0021492069972737227,True,False,0,adaptive,n*sqrt(n),
adaptive,medium,medium,32,2,31010044,0.35,0.35080645161290325,124,0.002155664999008877,True,False,0,adaptive,n*sqrt(n),
adaptive,medium,medium,32,3,31010045,0.35,0.35080645161290325,126,0.0021416989984572865,True,False,0,adaptive,n*sqrt(n),
adaptive,medium,medium,32,4,31010046,0.35,0.35080645161290325,185,0.002272043999255402,True,False,0,adaptive,n*sqrt(n),
adaptive,medium,medium,32,5,31010047,0.35,0.35080645161290325,176,0.0022873919988342095,True,False,0,adaptive,n*sqrt(n),
adaptive,medium,medium,32,6,31010048,0.35,0.35080645161290325,154,0.0024171779987227637,True,False,0,adaptive,n*sqrt(n),
adaptive,medium,medium,32,7,31010049,0.35,0.35080645161290325,167,0.0023104669999156613,True,False,0,adaptive,n*sqrt(n),
adaptive,medium,medium,64,1,31020043,0.35,0.3501984126984127,392,0.0027349650008545723,True,False,0,adaptive,n*sqrt(n),
adaptive,medium,medium,64,2,31020044,0.35,0.3501984126984127,360,0.002704554997762898,True,False,0,adaptive,n*sqrt(n),
adaptive,medium,medium,64,3,31020045,0.35,0.3501984126984127,368,0.0027516980007931124,True,False,0,adaptive,n*sqrt(n),
adaptive,medium,medium,64,4,31020046,0.35,0.3501984126984127,331,0.0026938219998555724,True,False,0,adaptive,n*sqrt(n),
adaptive,medium,medium,64,5,31020047,0.35,0.3501984126984127,456,0.0029893969986005686,True,False,0,adaptive,n*sqrt(n),
adaptive,medium,medium,64,6,31020048,0.35,0.3501984126984127,466,0.003010805001395056,True,False,0,adaptive,n*sqrt(n),
adaptive,medium,medium,64,7,31020049,0.35,0.3501984126984127,480,0.002978060001623817,True,False,0,adaptive,n*sqrt(n),
adaptive,medium,medium,128,1,31030043,0.35,0.3500246062992126,1098,0.004626933001418365,True,False,0,adaptive,n*sqrt(n),
adaptive,medium,medium,128,2,31030044,0.35,0.3500246062992126,976,0.004327569000452058,True,False,0,adaptive,n*sqrt(n),
adaptive,medium,medium,128,3,31030045,0.35,0.3500246062992126,1111,0.004602188997523626,True,False,0,adaptive,n*sqrt(n),
adaptive,medium,medium,128,4,31030046,0.35,0.3500246062992126,1110,0.004679374997067498,True,False,0,adaptive,n*sqrt(n),
adaptive,medium,medium,128,5,31030047,0.35,0.3500246062992126,1216,0.004774622997501865,True,False,0,adaptive,n*sqrt(n),
adaptive,medium,medium,128,6,31030048,0.35,0.3500246062992126,1187,0.004714925002190284,True,False,0,adaptive,n*sqrt(n),
adaptive,medium,medium,128,7,31030049,0.35,0.3500246062992126,1115,0.00474436200238415,True,False,0,adaptive,n*sqrt(n),
adaptive,medium,medium,256,1,31040043,0.35,0.35,3114,0.010047043000668054,True,False,0,adaptive,n*sqrt(n),
adaptive,medium,medium,256,2,31040044,0.35,0.35,2939,0.009741655998368515,True,False,0,adaptive,n*sqrt(n),
adaptive,medium,medium,256,3,31040045,0.35,0.35,3246,0.010183221998886438,True,False,0,adaptive,n*sqrt(n),
adaptive,medium,medium,256,4,31040046,0.35,0.35,3452,0.01075852700159885,True,False,0,adaptive,n*sqrt(n),
adaptive,medium,medium,256,5,31040047,0.35,0.35,3361,0.01065578599809669,True,False,0,adaptive,n*sqrt(n),
adaptive,medium,medium,256,6,31040048,0.35,0.35,3040,0.00993330699930084,True,False,0,adaptive,n*sqrt(n),
adaptive,medium,medium,256,7,31040049,0.35,0.35,2786,0.009512857002846431,True,False,0,adaptive,n*sqrt(n),
adaptive,high,high,16,1,32000043,0.75,0.75,96,0.0020600279967766255,True,False,0,adaptive,n*log2(n),
adaptive,high,high,16,2,32000044,0.75,0.75,96,0.002020885000092676,True,False,0,adaptive,n*log2(n),
adaptive,high,high,16,3,32000045,0.75,0.75,96,0.002010855001572054,True,False,0,adaptive,n*log2(n),
adaptive,high,high,16,4,32000046,0.75,0.75,96,0.002026600999670336,True,False,0,adaptive,n*log2(n),
adaptive,high,high,16,5,32000047,0.75,0.75,96,0.0020235340016370174,True,False,0,adaptive,n*log2(n),
adaptive,high,high,16,6,32000048,0.75,0.75,96,0.0020515249998425134,True,False,0,adaptive,n*log2(n),
adaptive,high,high,16,7,32000049,0.75,0.75,96,0.00206138100111275,True,False,0,adaptive,n*log2(n),
adaptive,high,high,32,1,32010043,0.75,0.75,240,0.002332550000573974,True,False,0,adaptive,n*log2(n),
adaptive,high,high,32,2,32010044,0.75,0.75,240,0.002299158000823809,True,False,0,adaptive,n*log2(n),
adaptive,high,high,32,3,32010045,0.75,0.75,240,0.0024258379999082536,True,False,0,adaptive,n*log2(n),
adaptive,high,high,32,4,32010046,0.75,0.75,240,0.002374456998950336,True,False,0,adaptive,n*log2(n),
adaptive,high,high,32,5,32010047,0.75,0.75,240,0.002300861000549048,True,False,0,adaptive,n*log2(n),
adaptive,high,high,32,6,32010048,0.75,0.75,240,0.0023448550018656533,True,False,0,adaptive,n*log2(n),
adaptive,high,high,32,7,32010049,0.75,0.75,240,0.0023141519995988347,True,False,0,adaptive,n*log2(n),
adaptive,high,high,64,1,32020043,0.75,0.75,576,0.003114328999799909,True,False,0,adaptive,n*log2(n),
adaptive,high,high,64,2,32020044,0.75,0.75,576,0.0031093400029931217,True,False,0,adaptive,n*log2(n),
adaptive,high,high,64,3,32020045,0.75,0.75,576,0.00308585000311723,True,False,0,adaptive,n*log2(n),
adaptive,high,high,64,4,32020046,0.75,0.75,576,0.003078188998188125,True,False,0,adaptive,n*log2(n),
adaptive,high,high,64,5,32020047,0.75,0.75,576,0.003101214999333024,True,False,0,adaptive,n*log2(n),
adaptive,high,high,64,6,32020048,0.75,0.75,576,0.003076731001783628,True,False,0,adaptive,n*log2(n),
adaptive,high,high,64,7,32020049,0.75,0.75,576,0.003156694998324383,True,False,0,adaptive,n*log2(n),
adaptive,high,high,128,1,32030043,0.75,0.75,1344,0.005054495999502251,True,False,0,adaptive,n*log2(n),
adaptive,high,high,128,2,32030044,0.75,0.75,1344,0.004800660000910284,True,False,0,adaptive,n*log2(n),
adaptive,high,high,128,3,32030045,0.75,0.75,1344,0.004799686998012476,True,False,0,adaptive,n*log2(n),
adaptive,high,high,128,4,32030046,0.75,0.75,1344,0.004890649001026759,True,False,0,adaptive,n*log2(n),
adaptive,high,high,128,5,32030047,0.75,0.75,1344,0.004850359000556637,True,False,0,adaptive,n*log2(n),
adaptive,high,high,128,6,32030048,0.75,0.75,1344,0.004867343999649165,True,False,0,adaptive,n*log2(n),
adaptive,high,high,128,7,32030049,0.75,0.75,1344,0.004842112000915222,True,False,0,adaptive,n*log2(n),
adaptive,high,high,256,1,32040043,0.75,0.75,3072,0.009463893999054562,True,False,0,adaptive,n*log2(n),
adaptive,high,high,256,2,32040044,0.75,0.75,3072,0.009344260000943905,True,False,0,adaptive,n*log2(n),
adaptive,high,high,256,3,32040045,0.75,0.75,3072,0.00892700300028082,True,False,0,adaptive,n*log2(n),
adaptive,high,high,256,4,32040046,0.75,0.75,3072,0.008725828996830387,True,False,0,adaptive,n*log2(n),
adaptive,high,high,256,5,32040047,0.75,0.75,3072,0.008989759997348301,True,False,0,adaptive,n*log2(n),
adaptive,high,high,256,6,32040048,0.75,0.75,3072,0.009410696999111678,True,False,0,adaptive,n*log2(n),
adaptive,high,high,256,7,32040049,0.75,0.75,3072,0.009459123997658025,True,False,0,adaptive,n*log2(n),
